{
    "$schema": "https://schema.management.azure.com/schemas/2015-01-01/deploymentParameters.json#",
    "contentVersion": "1.0.0.0",
    "parameters": {
        "location": {
            "value": "eastus2"
        },
        "networkInterfaceName": {
            "value": "ernie-neo4j220"
        },
        "networkSecurityGroupId": {
            "value": "/subscriptions/efbef82a-58a0-4853-bad2-3bdc1236ec8f/resourceGroups/ERNIE/providers/Microsoft.Network/networkSecurityGroups/ernie1-nsg"
        },
        "subnetName": {
            "value": "default"
        },
        "virtualNetworkId": {
            "value": "/subscriptions/efbef82a-58a0-4853-bad2-3bdc1236ec8f/resourceGroups/ERNIE/providers/Microsoft.Network/virtualNetworks/ERNIE-vnet"
        },
        "publicIpAddressName": {
            "value": "ernie-neo4j-ip"
        },
        "publicIpAddressType": {
            "value": "Dynamic"
        },
        "publicIpAddressSku": {
            "value": "Basic"
        },
        "virtualMachineName": {
            "value": "ernie-neo4j"
        },
        "virtualMachineRG": {
            "value": "ERNIE"
        },
        "osDiskType": {
            "value": "Premium_LRS"
        },
        "virtualMachineSize": {
            "value": "Standard_D16s_v3"
        },
        "adminUsername": {
            "value": "ernie_admin"
        },
        "adminPassword": {
            "value": null
        },
        "diagnosticsStorageAccountName": {
            "value": "erniediag759"
        },
        "diagnosticsStorageAccountId": {
            "value": "/subscriptions/efbef82a-58a0-4853-bad2-3bdc1236ec8f/resourceGroups/ERNIE/providers/Microsoft.Storage/storageAccounts/erniediag759"
        }
    }
}